{
  "constants": {
    "alpha_EM_CODATA": 0.0072973525693,
    "inv_alpha_CODATA": 137.035999084,
    "d_eff": 3.1591549430918953,
    "V_3 (Euclidean)": 4.1887902047863905,
    "V_d_eff (fractional)": 4.331951354296456
  },
  "results": {
    "tree_level": {
      "x_star": 3.012638553761669,
      "alpha_star": 0.00729687241646703,
      "inv_alpha": 137.0450164022706,
      "delta_ppm": 65.8025506499684
    },
    "one_loop_V3": {
      "x_star": 3.012253014847605,
      "alpha_star": 0.007297339365664688,
      "inv_alpha": 137.03624703343007,
      "delta_ppm": 1.8093744106159317
    },
    "one_loop_V_d_eff": {
      "x_star": 3.0122398364627494,
      "alpha_star": 0.007297355328377921,
      "inv_alpha": 137.03594727136345,
      "delta_ppm": -0.3780950763917243
    }
  }
}