{
  "target": 3.1591549430918953,
  "results": [
    {
      "L": 64,
      "N": 262144,
      "d_cubic": 2.8013724608393384,
      "se_cubic": 0.0,
      "d_poisson": 3.133265005496398,
      "se_poisson": 0.02045397770163449,
      "time_s": 3.0951309204101562
    },
    {
      "L": 80,
      "N": 512000,
      "d_cubic": 2.8263696473306883,
      "se_cubic": 0.0,
      "d_poisson": 3.115864848554741,
      "se_poisson": 0.01961226076233671,
      "time_s": 7.043659210205078
    },
    {
      "L": 96,
      "N": 884736,
      "d_cubic": 2.8444860840331008,
      "se_cubic": 0.0,
      "d_poisson": 3.1259327550976033,
      "se_poisson": 0.027512152086022736,
      "time_s": 13.182842016220093
    }
  ]
}