{
  "target": 3.1591549430918953,
  "results": [
    {
      "L": 80,
      "N": 512000,
      "n_sources": 4,
      "d_cubic": 2.8263696473306883,
      "se_cubic": 0.0,
      "d_poisson": 3.0781260847196137,
      "se_poisson": 0.017267760320503943,
      "time_s": 1.32426118850708
    },
    {
      "L": 128,
      "N": 2097152,
      "n_sources": 4,
      "d_cubic": 2.8687018956309065,
      "se_cubic": 0.0,
      "d_poisson": 3.1096006803412686,
      "se_poisson": 0.009390986939983649,
      "time_s": 7.499654054641724
    },
    {
      "L": 200,
      "N": 8000000,
      "n_sources": 2,
      "d_cubic": 2.899674891745827,
      "se_cubic": 0.0,
      "d_poisson": 3.1049797129490466,
      "se_poisson": 0.0030431849155255174,
      "time_s": 19.34316897392273
    }
  ]
}