{
  "target": 3.1591549430918953,
  "target_shift": 0.15915494309189535,
  "results": [
    {
      "L": 80,
      "N": 512000,
      "d_cubic": 2.8263696473306883,
      "d_async": 3.1017110676561335,
      "d_async_se": 0.03989909391827766,
      "shift": 0.2753414203254452,
      "time_s": 0.2507290840148926,
      "n_seeds": 3,
      "seeds_d": [
        3.080313958124668,
        3.0298242580555224,
        3.19499498678821
      ]
    },
    {
      "L": 128,
      "N": 2097152,
      "d_cubic": 2.8687018956309065,
      "d_async": 3.1061340078924027,
      "d_async_se": 0.018649546261692095,
      "shift": 0.2374321122614962,
      "time_s": 0.9755415916442871,
      "n_seeds": 3,
      "seeds_d": [
        3.1518120061268795,
        3.083810226127172,
        3.0827797914231563
      ]
    },
    {
      "L": 200,
      "N": 8000000,
      "d_cubic": 2.899674891745827,
      "d_async": 3.133041503717583,
      "d_async_se": 0.000284622816201318,
      "shift": 0.23336661197175612,
      "time_s": 3.149214267730713,
      "n_seeds": 2,
      "seeds_d": [
        3.1326389862707504,
        3.133444021164416
      ]
    }
  ]
}