{
  "L": 200,
  "target": 3.1591549430918953,
  "n_seeds": 5,
  "d_BFS_seeds": [
    3.1326389862707504,
    3.133444021164416,
    3.131159040826074,
    3.061631074108293,
    3.1958431163231893
  ],
  "d_BFS_mean": 3.1309432477385446,
  "d_BFS_std": 0.04248610671550893,
  "d_BFS_se": 0.01900036454303766,
  "diff_target": -0.028211695353350663
}