{
  "L": 64,
  "d_static_cubic": 2.8013724608393384,
  "P1_strict": {
    "d_seeds": [],
    "d_mean": null
  },
  "P2_bidir": {
    "d_seeds": [
      2.8004061285994015,
      2.9764997719459023
    ],
    "d_mean": 2.8884529502726517
  },
  "target_1_over_6": 3.1666666666666665,
  "target_1_over_2pi": 3.1591549430918953
}