{
  "results": [
    {
      "L": 128,
      "n_seeds": 12,
      "d_cubic": 2.8687018956309065,
      "d_mean": 3.1259409367548616,
      "d_se": 0.00850731133785544,
      "d_seeds": [
        3.1518120061268795,
        3.083810226127172,
        3.0827797914231563,
        3.1639380966875765,
        3.1020570792625164,
        3.119223655436061,
        3.1731874702026177,
        3.132427615005314,
        3.1386906599085633,
        3.133726713073975,
        3.1296849201834887,
        3.0999530076210204
      ],
      "time_s": 3.4767544269561768
    },
    {
      "L": 200,
      "n_seeds": 8,
      "d_cubic": 2.899674891745827,
      "d_mean": 3.1224653427524656,
      "d_se": 0.017105841452848006,
      "d_seeds": [
        3.1326389862707504,
        3.133444021164416,
        3.131159040826074,
        3.061631074108293,
        3.1958431163231893,
        3.053615059667781,
        3.104784708941852,
        3.16660673471737
      ],
      "time_s": 10.50713849067688
    }
  ],
  "target_1_2pi": 3.1591549430918953,
  "target_1_6": 3.1666666666666665
}