{
  "target": 137.0359991,
  "results": {
    "3 + 1/(2pi)": {
      "V": 4.331951354296456,
      "c_opt": 0.18075230863698255
    },
    "3 + 1/6": {
      "V": 4.3385033568913105,
      "c_opt": 0.22790792772487084
    },
    "3 (Euclidean)": {
      "V": 4.1887902047863905,
      "c_opt": -0.9247864407694599
    }
  }
}