{
  "L": 50,
  "rows": [
    {
      "seed": 0,
      "d_s": 2.785517774755966,
      "return_prob_t1": 0.0,
      "return_prob_t10": 0.0102,
      "time_s": 0.47910022735595703
    },
    {
      "seed": 1,
      "d_s": 3.170403737314494,
      "return_prob_t1": 0.0,
      "return_prob_t10": 0.0086,
      "time_s": 0.47619104385375977
    },
    {
      "seed": 2,
      "d_s": 2.943745169437654,
      "return_prob_t1": 0.0,
      "return_prob_t10": 0.0106,
      "time_s": 0.47118234634399414
    }
  ],
  "d_s_mean": 2.966555560502705
}