{
  "L": 80,
  "rows": [
    {
      "seed": 0,
      "d_topo": 2.9346217019766403,
      "d_Eucl": 2.8031086585602725,
      "time_topo": 0.6909904479980469,
      "time_eucl": 0.5706765651702881
    },
    {
      "seed": 1,
      "d_topo": 3.0072269470135535,
      "d_Eucl": 2.810460916986189,
      "time_topo": 0.4444129467010498,
      "time_eucl": 0.505244255065918
    },
    {
      "seed": 2,
      "d_topo": 2.885519428559083,
      "d_Eucl": 2.7753717588054947,
      "time_topo": 0.4390089511871338,
      "time_eucl": 0.5208535194396973
    }
  ],
  "d_topo_mean": 2.942456025849759,
  "d_eucl_mean": 2.796313778117319
}