{
  "L_lattice": 8,
  "L_eff": 4.732050807568877,
  "alpha": [
    0.025,
    0.03333333333333333,
    0.05,
    0.06666666666666667,
    0.1,
    0.14285714285714285,
    0.2
  ],
  "W_mean": [
    0.9809755385650728,
    0.9739044728049178,
    0.958556311443276,
    0.9422516048692664,
    0.9094401783714263,
    0.8635996069813885,
    0.8008483112459036
  ],
  "W_se": [
    4.632973235390465e-05,
    5.7623990251036966e-05,
    5.7202942066551754e-05,
    0.00011042308214054138,
    0.0002075938244542283,
    0.00028860311522924077,
    0.000823237209252409
  ],
  "y": [
    0.1623630490250702,
    0.1676359263273414,
    0.17889481915468733,
    0.18855337577003314,
    0.20060236299320353,
    0.21692967590343903,
    0.23465906549118068
  ],
  "y_se": [
    0.0003992199221712921,
    0.00037511015681564023,
    0.0002522210513599047,
    0.0003714794888709183,
    0.0004823817778789724,
    0.0004943530519445451,
    0.0010861638215304225
  ],
  "fits": [
    {
      "mask": "all 7 points",
      "n": 7,
      "c0": 0.14692088830633918,
      "c1": 0.6920349635717391,
      "c2": -1.354234786389596
    },
    {
      "mask": "alpha <= 0.1",
      "n": 5,
      "c0": 0.14064488674265027,
      "c1": 0.9340629022350384,
      "c2": -3.3286696547754993
    },
    {
      "mask": "alpha <= 0.07",
      "n": 4,
      "c0": 0.14325628038840274,
      "c1": 0.8019564267694466,
      "c2": -1.8230868198288017
    },
    {
      "mask": "alpha <= 0.05",
      "n": 3,
      "c0": 0.14797069356386305,
      "c1": 0.5329059250800853,
      "c2": 1.7115317347280048
    }
  ],
  "predicted_c_v": {
    "eps_1_3pi": -0.038,
    "eps_1_2pi": 0.043,
    "eps_1_6": 0.054
  }
}